New,Active,Featured,Product Name,Price,Categories,Cover Image,URL,Included Items,Pack Summary,Description
FALSE,TRUE,FALSE,Active X Jacket,147.5,Hoodies & Jackets|Women's Apparel|Youth Apparel,active-x-jacket-og.png,https://www.anthraxpaintball.com/active-x-jacket,,,"The ActiveX jacketis designed for warmth and protection during intense activity. Thanks to its 4-way stretch construction and 10K waterproof  softshell fabric| the ActiveX delivers protection without sacrificing mobility. It's form fitting hood is designed to be worn while running and can fit under a helmet. Four deep inner and outside pockets ensure that all your valuables stay in place.

Fabric: TerraX | 3-layer softeshell|10K waterproof fabric
Composition: 88% PES. 7% EA. 5% PUE
​Cut: regular
Customisation: all of its surface can be customised
Collar: choose between a straight collar or hood
Zipper: choose between full zipper and half zipper
Pockets: two extra wide external pockets with zipper| two high capacity internal  pockets
Other Features: adjustable cuffs| form fitting hood| storm flap on main zipper"
FALSE,TRUE,FALSE,Bandana,26,Head Gear|Game Gear,bandana-camo.jpg,https://www.anthraxpaintball.com/custom-headwear,,,"Our new, tie-back bandanas will make you and your team stand out in a crowd!

Features include:
100% custom, full print design 
Forhead padding  
100% cotton inner lining absorbs sweat and protects forehead ​
Printable headcover made by mesh fabric , allows for maximum ventilation"
FALSE,TRUE,FALSE,Barrel Sock,13,Game Gear,barrel-sock-camo.jpg,,,,
FALSE,TRUE,FALSE,Beach Towel,54,Bags & Accessories,beach-towel-geo.jpg,,,,
FALSE,TRUE,FALSE,Beanie,19,Head Gear,,,,,
FALSE,TRUE,FALSE,Burning Pack,188,Packs,burning-pack-cover.png,,Featherlight Shorts|Zip Hoody,"Choose Jersey + Shirt, Includes Shorts and Zip Hoody",
FALSE,TRUE,FALSE,Compression Pants – men,67.9,Game Gear|Pants & Shorts,,,,,
FALSE,TRUE,FALSE,Compression Shorts,64.7,Game Gear|Pants & Shorts,,,,,
FALSE,TRUE,FALSE,Cotton Tracksuit,109,Tracksuits,,,,,
FALSE,TRUE,FALSE,Deployment Back Pack,87,Bags & Accessories,,,,,
FALSE,TRUE,FALSE,Face Shield,18,Head Gear,,https://www.anthraxpaintball.com/custom-headwear,,,"The Anthrax face shield is a multi-purpose tool that you are going to love!

Cold weather? The face shield can be your scarf or beanie!
Windy? The face shield will protect your nose and help you breathe.
Hot? It transforms into a headband that absorbs your sweat!

Features include:
100% custom, full print design 
Made of moisture wicking,elastic quick drying fabric​
Sewn with elastic threads"
FALSE,TRUE,FALSE,Featherlight Shorts,38,Pants & Shorts,,,,,
FALSE,TRUE,FALSE,Fleece Jacket,83,Hoodies & Jackets,,,,,
FALSE,TRUE,FALSE,Fleece Tracksuit,128,Tracksuits,,,,,
FALSE,TRUE,FALSE,Headband,20,Head Gear,,https://www.anthraxpaintball.com/custom-headwear,,,"Our quality headbands, your design! Create a highly desirable, collectible team accessory today.

Features include:
100% custom design
Forehead padding  
100% cotton inner lining absorbs sweat and protects forehead"
,TRUE,FALSE,Headband,20,Head Gear,,https://www.anthraxpaintball.com/custom-headwear,,,
,TRUE,FALSE,High Neck Hoody,59,Hoodies & Jackets,,,,,
,TRUE,FALSE,Hot Pack,145,Packs,hot-pack-cover.png,,Featherlight Shorts,"Choose Jersey + Shirt, Includes Shorts ",
,TRUE,FALSE,Hybrid Comfort Shorts,41.5,Pants & Shorts,,,,,
,TRUE,FALSE,Hybrid Flex Shorts,41.5,Pants & Shorts,,,,,
,TRUE,FALSE,Hybrid Hoody,73.5,Hoodies & Jackets,hybrid-hoodie-og.jpg,,,,
,TRUE,FALSE,Hybrid Pants,70,Pants & Shorts,,,,,
,TRUE,FALSE,Hybrid Tracksuit Set,125,Tracksuits,,,,,
,TRUE,FALSE,Hybrid Vision Shorts,41.5,Pants & Shorts,,,,,
,TRUE,FALSE,Jersey & Pants Pack,192,Packs,jersey-pants-pack-cover.png,,Spartan Pants,"Choose Jersey, Includes Spartan Pants",
,TRUE,FALSE,Lava Pack,214,Packs,,,Ultra Light Tracksuit|Featherlight Shorts,"Choose Jersey + Shirt, Includes Shorts and Tracksuit",
,TRUE,FALSE,Long Sleeve Ultra Light,49,Shirts & Tops,,,,,
,TRUE,FALSE,Low Gravity Jersey,107,Jerseys|Game Gear,low-gravity-jersey-geo.png,,,,
,TRUE,FALSE,Low Gravity Pants,200,Pants & Shorts,low-gravity-pants-camo.png,,,,
,TRUE,FALSE,Messiah Jersey,107,Jerseys|Game Gear,messiah-jersey-camo.png,,,,
,TRUE,FALSE,Messiah TR Jersey,58,Jerseys|Game Gear,,,,,
,TRUE,FALSE,MMA Shorts,52,Pants & Shorts,,,,,
,TRUE,FALSE,NeoFlex Jacket,297,Hoodies & Jackets,neoflex-jacket-geo.png,,,,
,TRUE,FALSE,Podbag,30,Team Items,pod-bag-camo.jpg,,,,
,TRUE,FALSE,Polo Long Sleeve,50,Shirts & Tops,,,,,
,TRUE,FALSE,Polo T-Shirt,45.5,Shirts & Tops,polo-t-shirt-og.jpg,,,,
,TRUE,FALSE,Pro-Fit Long Sleeve,47,Shirts & Tops,,,,,
,TRUE,FALSE,Pro-Fit T-Shirt,41.5,Shirts & Tops,,,,,
,TRUE,FALSE,Professional Referee Jersey,117,Jerseys|Game Gear,,,,,
,TRUE,FALSE,Pull Over,73.5,Hoodies & Jackets,,,,,
,TRUE,FALSE,Quicky Bag,29,Bags & Accessories,,,,,
,TRUE,FALSE,Rashguard Long Sleeve,59.9,Shirts & Tops,,,,,
,TRUE,FALSE,Rashguard Short Sleeve,55.7,Shirts & Tops,,,,,
,TRUE,FALSE,Roamer Duffle,94,Bags & Accessories,,,,,
,TRUE,FALSE,Semi Pro Series Jersey,66,Jerseys|Game Gear,,,,,
,TRUE,FALSE,Singlet,72,Bags & Accessories,,,,,
,TRUE,FALSE,Sleeveless Jacket,74.5,Hoodies & Jackets,,,,,
,TRUE,FALSE,Socks,19,Bags & Accessories,socks-og.jpg,,,,
,TRUE,FALSE,Soft Shell Stretch Jacket,95,Hoodies & Jackets,,,,,
,TRUE,FALSE,Spartan Jersey,81,Jerseys|Game Gear,,,,,
,TRUE,FALSE,Spartan Pants,147,Pants & Shorts,spartan-pants-og.jpg,,,,
,TRUE,FALSE,Sport T-shirt Long Sleeve,47,Shirts & Tops,,,,,
,TRUE,FALSE,Sport T-shirt Short Sleeve,41.5,Shirts & Tops,sport-t-shirt-og.jpg,,,,
,TRUE,FALSE,Street Hoody,68,Hoodies & Jackets,,,,,
,TRUE,FALSE,Strength Wraps,23,Bags & Accessories,,,,,
,TRUE,FALSE,Surf Poncho,79,Bags & Accessories,,,,,
,TRUE,FALSE,Swim Shorts,47,Pants & Shorts,,,,,
,TRUE,FALSE,Tactical Jersey,140,Jerseys|Game Gear,tactical-jersey-camo.png,,,,
,TRUE,FALSE,Tank Top,38,Shirts & Tops,tank-top-camo.jpg,,,,
,TRUE,FALSE,Team Banner,26,Team Items,team-banner-camo.jpg,,,,
,TRUE,FALSE,Ultra Light Pants,66,Pants & Shorts,,,,,
,TRUE,FALSE,Ultra Light Tracksuit,116,Tracksuits,,,,,
,TRUE,FALSE,Ultra Pro Track Suit Set,116,Tracksuits,ultra-pro-tracksuit-geo.png,,,,
,TRUE,FALSE,Waterproof Stretch Hoody,95,Hoodies & Jackets,,,,,
,TRUE,FALSE,Windstopper Hoody,69,Hoodies & Jackets,,,,,
,TRUE,FALSE,Women's Compression Capris,62.6,Pants & Shorts,,,,,
,TRUE,FALSE,Women's Compression Pants,62.6,Pants & Shorts,,,,,
,TRUE,FALSE,Women's Compression Shorts,59.5,Pants & Shorts,,,,,
,TRUE,FALSE,Women's Long Sleeve Crop Top,47,Shirts & Tops,,,,,
,TRUE,FALSE,Women's Pro-Fit T-Shirt,41.5,Shirts & Tops,,,,,
,TRUE,FALSE,Womens Fitness Top,38,Shirts & Tops,,,,,
,TRUE,FALSE,Womens Loose Tank Top,38,Shirts & Tops,,,,,
,TRUE,FALSE,Womens Stretch Jacket,69,Hoodies & Jackets,,,,,
,TRUE,FALSE,Womens Training Tank Top,38,Shirts & Tops,,,,,
,TRUE,FALSE,Womens Windstopper Jacket,69,Hoodies & Jackets,,,,,
,TRUE,FALSE,X-treme Performance Hoody,94,Hoodies & Jackets,,,,,
,TRUE,FALSE,XL Team Banner,51,Team Items,team-banner-camo.jpg,,,,
,TRUE,FALSE,Zip hoody,69,Hoodies & Jackets,,,,,